insert into categoria (ID_categoria, nombre) values (1, 'Alimentos');
insert into categoria (ID_categoria, nombre) values (2, 'Electrodomesticos');
insert into categoria (ID_categoria, nombre) values (3, 'Limpiezas');
insert into categoria (ID_categoria, nombre) values (4, 'Hogar');
insert into categoria (ID_categoria, nombre) values (5, 'Infantil');
insert into categoria (ID_categoria, nombre) values (6, 'Mascotas');
insert into categoria (ID_categoria, nombre) values (7, 'Medicamentos');
insert into categoria (ID_categoria, nombre) values (8, 'Higiene Personal');


insert into subcategoria (ID_subcategoria, nombre, ID_categoria) values (1, 'Aceites', 1);
insert into subcategoria (ID_subcategoria, nombre, ID_categoria) values (2, 'Bebidas alcohólicas', 1);
insert into subcategoria (ID_subcategoria, nombre, ID_categoria) values (3, 'Carnes', 1);
insert into subcategoria (ID_subcategoria, nombre, ID_categoria) values (4, 'Comidas congeladas', 1);
insert into subcategoria (ID_subcategoria, nombre, ID_categoria) values (5, 'Comidas rapidas', 1);
insert into subcategoria (ID_subcategoria, nombre, ID_categoria) values (6, 'Huevo', 1);
insert into subcategoria (ID_subcategoria, nombre, ID_categoria) values (7, 'Lácteos', 1);
insert into subcategoria (ID_subcategoria, nombre, ID_categoria) values (8, 'Salsas', 1);
insert into subcategoria (ID_subcategoria, nombre, ID_categoria) values (9, 'Sopas', 1);
insert into subcategoria (ID_subcategoria, nombre, ID_categoria) values (10, 'Bebidas no alcoholicas', 1);
insert into subcategoria (ID_subcategoria, nombre, ID_categoria) values (11, 'Snacks', 1);
insert into subcategoria (ID_subcategoria, nombre, ID_categoria) values (12, 'Condimentos', 1);
insert into subcategoria (ID_subcategoria, nombre, ID_categoria) values (13, 'Dulces', 1);
insert into subcategoria (ID_subcategoria, nombre, ID_categoria) values (14, 'Aparatos de video', 2);
insert into subcategoria (ID_subcategoria, nombre, ID_categoria) values (15, 'Audio portatil', 2);
insert into subcategoria (ID_subcategoria, nombre, ID_categoria) values (16, 'Electrodomesticos grandes', 2);
insert into subcategoria (ID_subcategoria, nombre, ID_categoria) values (17, 'Electrodomesticos pequeños', 2);
insert into subcategoria (ID_subcategoria, nombre, ID_categoria) values (18, 'Analgésicos', 7);
insert into subcategoria (ID_subcategoria, nombre, ID_categoria) values (19, 'Antiácidos', 7);
insert into subcategoria (ID_subcategoria, nombre, ID_categoria) values (20, 'Antigripales', 7);
insert into subcategoria (ID_subcategoria, nombre, ID_categoria) values (21, 'Antimicóticos dermatológicos', 7);
insert into subcategoria (ID_subcategoria, nombre, ID_categoria) values (22, 'Multivitamínicos', 7);
insert into subcategoria (ID_subcategoria, nombre, ID_categoria) values (23, 'Vitaminas', 7);
insert into subcategoria (ID_subcategoria, nombre, ID_categoria) values (25, 'Higiene bucal', 8);
insert into subcategoria (ID_subcategoria, nombre, ID_categoria) values (26, 'Higiene femenina', 8);
insert into subcategoria (ID_subcategoria, nombre, ID_categoria) values (27, 'Jabones', 8);
insert into subcategoria (ID_subcategoria, nombre, ID_categoria) values (28, 'Desodorantes', 8);
insert into subcategoria (ID_subcategoria, nombre, ID_categoria) values (29, 'Papeles', 8);
insert into subcategoria (ID_subcategoria, nombre, ID_categoria) values (30, 'Productos para el cabello', 8);
insert into subcategoria (ID_subcategoria, nombre, ID_categoria) values (31, 'Cremas', 5);
insert into subcategoria (ID_subcategoria, nombre, ID_categoria) values (32, 'Pañales', 5);
insert into subcategoria (ID_subcategoria, nombre, ID_categoria) values (33, 'Leche para bebés', 5);
insert into subcategoria (ID_subcategoria, nombre, ID_categoria) values (34, 'Detergentes', 3);
insert into subcategoria (ID_subcategoria, nombre, ID_categoria) values (35, 'Jabón lavaplatos', 3);
insert into subcategoria (ID_subcategoria, nombre, ID_categoria) values (36, 'Limpiador líquido para pisos', 3);
insert into subcategoria (ID_subcategoria, nombre, ID_categoria) values (37, 'Limpiador líquido para baños', 3);



insert into marca (ID_marca, nombre) values ( 1,'Suli');
insert into marca (ID_marca, nombre) values ( 2,'Samsung');
insert into marca (ID_marca, nombre) values ( 3,'Clorox');
insert into marca (ID_marca, nombre) values ( 4,'Sabemas');
insert into marca (ID_marca, nombre) values ( 5,'Dell');
insert into marca (ID_marca, nombre) values ( 6,'Delisoya');
insert into marca (ID_marca, nombre) values ( 7,'Sony');
insert into marca (ID_marca, nombre) values ( 8,'Scott');
insert into marca (ID_marca, nombre) values ( 9,'Kotex');
insert into marca (ID_marca, nombre) values ( 10,'Snicker');
insert into marca (ID_marca, nombre) values ( 11,'Kit Kat');
insert into marca (ID_marca, nombre) values ( 12,'M&M');
insert into marca (ID_marca, nombre) values ( 13,'Ferrero');
insert into marca (ID_marca, nombre) values ( 14,'Sala');
insert into marca (ID_marca, nombre) values ( 15,'Maggi');
insert into marca (ID_marca, nombre) values ( 16,'Economax');
insert into marca (ID_marca, nombre) values ( 17,'Roma');
insert into marca (ID_marca, nombre) values ( 18,'Palmolive');
insert into marca (ID_marca, nombre) values ( 19,'Pantene');
insert into marca (ID_marca, nombre) values ( 20,'M$M');
insert into marca (ID_marca, nombre) values ( 21,'Protex');



insert into almacen (ID_almacen, nombre) values (2 ,'Cuarto A');
insert into almacen (ID_almacen, nombre) values (3 ,'Cuarto B');
insert into almacen (ID_almacen, nombre) values (4 ,'Cuarto C');
insert into almacen (ID_almacen, nombre) values (5 ,'Cuarto D');
insert into almacen (ID_almacen, nombre) values (6 ,'Cuarto E');
