insert into categoria (ID_categoria, nombre) values (1, 'Alimentos');
insert into categoria (ID_categoria, nombre) values (2, 'Electrodomesticos');
insert into categoria (ID_categoria, nombre) values (3, 'Limpiezas');
insert into categoria (ID_categoria, nombre) values (4, 'Hogar');
insert into categoria (ID_categoria, nombre) values (5, 'Infantil');
insert into categoria (ID_categoria, nombre) values (6, 'Mascotas');
insert into categoria (ID_categoria, nombre) values (7, 'Medicamentos');
insert into categoria (ID_categoria, nombre) values (8, 'Higiene Personal');
insert into categoria (ID_categoria, nombre) values (9, 'Mascotas');


insert into subcategoria (ID_subcategoria, nombre, ID_categoria) values (1, 'Aceites', 1);
insert into subcategoria (ID_subcategoria, nombre, ID_categoria) values (2, 'Bebidas alcohólicas', 1);
insert into subcategoria (ID_subcategoria, nombre, ID_categoria) values (3, 'Carnes', 1);
insert into subcategoria (ID_subcategoria, nombre, ID_categoria) values (4, 'Comidas congeladas', 1);
insert into subcategoria (ID_subcategoria, nombre, ID_categoria) values (5, 'Comidas rapidas', 1);
insert into subcategoria (ID_subcategoria, nombre, ID_categoria) values (6, 'Huevo', 1);
insert into subcategoria (ID_subcategoria, nombre, ID_categoria) values (7, 'Lácteos', 1);
insert into subcategoria (ID_subcategoria, nombre, ID_categoria) values (8, 'Salsas', 1);
insert into subcategoria (ID_subcategoria, nombre, ID_categoria) values (9, 'Sopas', 1);
insert into subcategoria (ID_subcategoria, nombre, ID_categoria) values (10, 'Bebidas no alcoholicas', 1);
insert into subcategoria (ID_subcategoria, nombre, ID_categoria) values (11, 'Snacks', 1);
insert into subcategoria (ID_subcategoria, nombre, ID_categoria) values (12, 'Condimentos', 1);
insert into subcategoria (ID_subcategoria, nombre, ID_categoria) values (13, 'Dulces', 1);
insert into subcategoria (ID_subcategoria, nombre, ID_categoria) values (14, 'Aparatos de video', 2);
insert into subcategoria (ID_subcategoria, nombre, ID_categoria) values (15, 'Audio portatil', 2);
insert into subcategoria (ID_subcategoria, nombre, ID_categoria) values (16, 'Electrodomesticos grandes', 2);
insert into subcategoria (ID_subcategoria, nombre, ID_categoria) values (17, 'Electrodomesticos pequeños', 2);
insert into subcategoria (ID_subcategoria, nombre, ID_categoria) values (18, 'Analgésicos', 7);
insert into subcategoria (ID_subcategoria, nombre, ID_categoria) values (19, 'Antiácidos', 7);
insert into subcategoria (ID_subcategoria, nombre, ID_categoria) values (20, 'Antigripales', 7);
insert into subcategoria (ID_subcategoria, nombre, ID_categoria) values (21, 'Antimicóticos dermatológicos', 7);
insert into subcategoria (ID_subcategoria, nombre, ID_categoria) values (22, 'Multivitamínicos', 7);
insert into subcategoria (ID_subcategoria, nombre, ID_categoria) values (23, 'Vitaminas', 7);
insert into subcategoria (ID_subcategoria, nombre, ID_categoria) values (24, 'Cremas', 8);
insert into subcategoria (ID_subcategoria, nombre, ID_categoria) values (25, 'Higiene bucal', 8);
insert into subcategoria (ID_subcategoria, nombre, ID_categoria) values (26, 'Higiene femenina', 8);
insert into subcategoria (ID_subcategoria, nombre, ID_categoria) values (27, 'Jabones', 8);
insert into subcategoria (ID_subcategoria, nombre, ID_categoria) values (28, 'Desodorantes', 8);
insert into subcategoria (ID_subcategoria, nombre, ID_categoria) values (29, 'Papeles', 8);
insert into subcategoria (ID_subcategoria, nombre, ID_categoria) values (30, 'Productos para el cabello', 8);
insert into subcategoria (ID_subcategoria, nombre, ID_categoria) values (31, 'Cremas', 5);
insert into subcategoria (ID_subcategoria, nombre, ID_categoria) values (32, 'Pañales', 5);
insert into subcategoria (ID_subcategoria, nombre, ID_categoria) values (33, 'Leche para bebés', 5);
insert into subcategoria (ID_subcategoria, nombre, ID_categoria) values (34, 'Detergentes', 3);
insert into subcategoria (ID_subcategoria, nombre, ID_categoria) values (35, 'Jabón lavaplatos', 3);
insert into subcategoria (ID_subcategoria, nombre, ID_categoria) values (36, 'Limpiador líquido para pisos', 3);
insert into subcategoria (ID_subcategoria, nombre, ID_categoria) values (37, 'Limpiador líquido para baños', 3);




insert into marca (ID_marca, nombre) values ( 1,'Suli');
insert into marca (ID_marca, nombre) values ( 2,'Samsung');
insert into marca (ID_marca, nombre) values ( 3,'Clorox');
insert into marca (ID_marca, nombre) values ( 4,'Sabemas');




